run_idx,repeat,query,query_category,source,source_name,recipe_title,recipe_url,extraction_method,ingredient_count,instruction_count,completeness_score,formatting_artifact,predicted_allergens_medium_plus,silver_truth_allergens
1,1,chicken curry,main,bbc,BBC Food,"Black chicken curry, fried leeks and yellow rice",https://www.bbc.co.uk/food/recipes/black_chicken_curry_00331,Schema.org JSON-LD,46,19,1.0,0,"[""milk"", ""mustard"", ""soya""]","[""milk"", ""mustard""]"
1,1,chicken curry,main,bbc,BBC Food,Chicken and coconut curry,https://www.bbc.co.uk/food/recipes/chicken_and_coconut_85358,Schema.org JSON-LD,17,8,1.0,0,[],[]
2,1,chicken curry,main,bbcgoodfood,BBC Good Food,Thai green chicken curry,https://www.bbcgoodfood.com/recipes/thai-green-chicken-curry,Schema.org JSON-LD,12,9,1.0,0,"[""fish""]","[""fish""]"
2,1,chicken curry,main,bbcgoodfood,BBC Good Food,Chinese chicken curry,https://www.bbcgoodfood.com/recipes/chinese-chicken-curry,Schema.org JSON-LD,13,3,1.0,0,"[""gluten"", ""soya""]","[""gluten"", ""soya""]"
3,1,chicken curry,main,foodafactoflife,Food - a Fact of Life,Chicken tagine with apricots,https://www.foodafactoflife.org.uk/recipes/cook-club/chicken-tagine-with-apricots/,Sectioned HTML parsing,18,14,1.0,0,"[""gluten"", ""nuts""]","[""gluten"", ""nuts""]"
4,1,chicken curry,main,ocado,Ocado,Chicken and Red Pepper Pittas with Tomato Yoghurt Sauce,https://www.ocado.com/recipes/chicken-and-red-pepper-pittas-with-tomato-yoghurt-sauce/216829,Schema.org JSON-LD,6,3,1.0,0,"[""gluten"", ""milk""]","[""milk""]"
4,1,chicken curry,main,ocado,Ocado,Baked Southern- style Chicken with Sweet Potatoes and Slaw,https://www.ocado.com/recipes/baked-southern-style-chicken-with-sweet-potatoes-and-slaw/4RPIzlrKRw8EevMt96AOwR,Schema.org JSON-LD,15,6,1.0,0,"[""eggs"", ""gluten"", ""mustard"", ""soya""]","[""eggs"", ""gluten"", ""mustard"", ""soya""]"
5,1,chicken curry,main,realfooddietitians,The Real Food Dietitians,Instant Pot Shredded Chicken Recipe,https://therealfooddietitians.com/instant-pot-shredded-chicken/,Schema.org JSON-LD,4,10,1.0,0,[],[]
5,1,chicken curry,main,realfooddietitians,The Real Food Dietitians,One-Pan Teriyaki Chicken Veggie Bake,https://therealfooddietitians.com/one-pan-teriyaki-chicken-veggie-bake/,Schema.org JSON-LD,19,8,1.0,0,"[""nuts"", ""sesame""]","[""nuts"", ""sesame""]"
6,1,chicken curry,main,tomkerridge,Tom Kerridge,HAY-BAKED CHICKEN AND ROASTED CELERIAC,https://tomkerridge.com/recipes/hay-baked-chicken-and-roasted-celeriac/,Tom Kerridge HTML parsing,13,6,1.0,0,"[""celery"", ""gluten"", ""milk""]","[""celery"", ""gluten"", ""milk""]"
6,1,chicken curry,main,tomkerridge,Tom Kerridge,CHICKEN NOODLE SOUP,https://tomkerridge.com/recipes/chicken-noodle-soup/,Tom Kerridge HTML parsing,17,5,1.0,0,"[""eggs"", ""gluten"", ""molluscs"", ""sesame"", ""soya"", ""sulphites""]","[""eggs"", ""gluten"", ""molluscs"", ""sesame"", ""soya"", ""sulphites""]"
7,1,vegetarian pasta,main,bbc,BBC Food,Vegetarian bolognese,https://www.bbc.co.uk/food/recipes/puy_lentil_bolognaise_40407,Schema.org JSON-LD,15,6,1.0,0,"[""celery"", ""gluten"", ""milk""]","[""celery"", ""gluten"", ""milk""]"
7,1,vegetarian pasta,main,bbc,BBC Food,Creamy pasta with broccoli and sweetcorn,https://www.bbc.co.uk/food/recipes/creamy_pasta_with_99280,Schema.org JSON-LD,7,3,1.0,0,"[""gluten"", ""milk""]","[""gluten"", ""milk""]"
8,1,vegetarian pasta,main,bbcgoodfood,BBC Good Food,Chicken pasta bake,https://www.bbcgoodfood.com/recipes/chicken-pasta-bake,Schema.org JSON-LD,12,3,1.0,0,"[""milk""]","[""milk""]"
8,1,vegetarian pasta,main,bbcgoodfood,BBC Good Food,Vegetarian lasagne,https://www.bbcgoodfood.com/recipes/easy-vegetable-lasagne,Schema.org JSON-LD,17,5,1.0,0,"[""gluten"", ""milk"", ""sulphites""]","[""gluten"", ""milk"", ""sulphites""]"
9,1,vegetarian pasta,main,foodafactoflife,Food - a Fact of Life,Pasta fiorentina,https://www.foodafactoflife.org.uk/recipes/cook-club/pasta-fiorentina/,Sectioned HTML parsing,11,14,1.0,0,"[""gluten"", ""milk""]","[""gluten"", ""milk""]"
10,1,vegetarian pasta,main,ocado,Ocado,Spicy Harissa Pasta,https://www.ocado.com/recipes/spicy-harissa-pasta/qCVj819ysIwQalbeBGM93,Schema.org JSON-LD,14,6,1.0,0,"[""gluten"", ""milk""]","[""gluten"", ""milk""]"
10,1,vegetarian pasta,main,ocado,Ocado,Tomato Martini Pasta  ,https://www.ocado.com/recipes/tomato-martini-pasta/UybZ7PBw14oqYLyo8zY4S,Schema.org JSON-LD,5,3,1.0,0,"[""gluten""]","[""gluten""]"
11,1,vegetarian pasta,main,realfooddietitians,The Real Food Dietitians,Greek Veggie Pasta Salad,https://therealfooddietitians.com/greek-veggie-pasta-salad/,Schema.org JSON-LD,16,3,1.0,0,"[""gluten"", ""milk""]","[""gluten"", ""milk""]"
11,1,vegetarian pasta,main,realfooddietitians,The Real Food Dietitians,Zucchini “Pasta” Carbonara with Shrimp,https://therealfooddietitians.com/zucchini-pasta-carbonara-shrimp/,Schema.org JSON-LD,10,6,1.0,0,"[""crustaceans"", ""gluten"", ""milk""]","[""crustaceans"", ""gluten"", ""milk""]"
12,1,vegetarian pasta,main,tomkerridge,Tom Kerridge,CREAMY BUTTERNUT SQUASH PASTA BAKE,https://tomkerridge.com/recipes/creamy-butternut-squash-pasta-bake/,Tom Kerridge HTML parsing,17,7,1.0,0,"[""gluten"", ""milk""]","[""gluten"", ""milk""]"
12,1,vegetarian pasta,main,tomkerridge,Tom Kerridge,SPINACH AND RICOTTA PASTA BAKE,https://tomkerridge.com/recipes/spinach-and-ricotta-pasta-bake/,Tom Kerridge HTML parsing,18,9,1.0,0,"[""gluten"", ""milk""]","[""milk""]"
13,1,chocolate cake,dessert,bbc,BBC Food,Chocolate drip cake,https://www.bbc.co.uk/food/recipes/chocolate_drip_cake_48926,Schema.org JSON-LD,21,14,1.0,0,"[""eggs"", ""gluten"", ""milk""]","[""eggs"", ""gluten"", ""milk""]"
13,1,chocolate cake,dessert,bbc,BBC Food,Easy chocolate cake,https://www.bbc.co.uk/food/recipes/easy_chocolate_cake_31070,Schema.org JSON-LD,12,9,1.0,0,"[""eggs"", ""gluten"", ""milk""]","[""eggs"", ""gluten"", ""milk""]"
14,1,chocolate cake,dessert,bbcgoodfood,BBC Good Food,Ultimate chocolate cake,https://www.bbcgoodfood.com/recipes/ultimate-chocolate-cake,Schema.org JSON-LD,16,13,1.0,0,"[""eggs"", ""gluten"", ""milk"", ""sulphites""]","[""eggs"", ""gluten"", ""milk""]"
14,1,chocolate cake,dessert,bbcgoodfood,BBC Good Food,Easy chocolate cake,https://www.bbcgoodfood.com/recipes/easy-chocolate-cake,Schema.org JSON-LD,16,11,1.0,0,"[""eggs"", ""gluten"", ""milk"", ""sulphites""]","[""eggs"", ""gluten"", ""milk""]"
15,1,chocolate cake,dessert,foodafactoflife,Food - a Fact of Life,Victoria sponge cake,https://www.foodafactoflife.org.uk/recipes/cook-club/victoria-sponge-cake/,Sectioned HTML parsing,7,12,1.0,0,"[""eggs"", ""gluten"", ""sulphites""]","[""eggs"", ""gluten""]"
16,1,chocolate cake,dessert,ocado,Ocado,Spiced Carrot Cake,https://www.ocado.com/recipes/spiced-carrot-cake/5EqXSVnaK8A5n0xvyeCz2x,Schema.org JSON-LD,13,5,1.0,0,"[""eggs"", ""gluten"", ""milk"", ""nuts"", ""sulphites""]","[""eggs"", ""gluten"", ""milk"", ""nuts""]"
16,1,chocolate cake,dessert,ocado,Ocado,Red Grapefruit Upside-down Cake with Lemony Crème Fraîche    ,https://www.ocado.com/recipes/red-grapefruit-upside-down-cake-with-lemony-creme-fraiche/6NSnOyLxp9FxMfKhv3okw0,Schema.org JSON-LD,14,6,1.0,0,"[""eggs"", ""gluten"", ""milk""]","[""eggs"", ""gluten"", ""milk""]"
17,1,chocolate cake,dessert,realfooddietitians,The Real Food Dietitians,Easy Tuna Cakes with Roasted Red Pepper Mayo,https://therealfooddietitians.com/easy-tuna-cakes/,Schema.org JSON-LD,14,5,1.0,0,"[""eggs"", ""fish"", ""gluten"", ""nuts""]","[""eggs"", ""fish"", ""gluten"", ""nuts""]"
17,1,chocolate cake,dessert,realfooddietitians,The Real Food Dietitians,Fluffy Sweet Potato Pancakes (gluten-free),https://therealfooddietitians.com/sweet-potato-pancakes/,Schema.org JSON-LD,9,7,1.0,0,"[""eggs"", ""gluten"", ""milk""]","[""eggs"", ""milk""]"
18,1,chocolate cake,dessert,tomkerridge,Tom Kerridge,"BLUEBERRY, LEMON AND THYME PANCAKES",https://tomkerridge.com/recipes/blueberry-lemon-and-thyme-breakfast-pancakes/,Tom Kerridge HTML parsing,12,4,1.0,0,"[""eggs"", ""gluten"", ""milk""]","[""eggs"", ""gluten"", ""milk""]"
18,1,chocolate cake,dessert,tomkerridge,Tom Kerridge,CORN CAKES WITH MEXICAN BEANS,https://tomkerridge.com/recipes/corn-cakes-with-mexican-beans/,Tom Kerridge HTML parsing,23,5,1.0,0,"[""eggs"", ""gluten"", ""milk"", ""sulphites""]","[""eggs"", ""gluten"", ""milk""]"
19,1,beef stew,main,bbc,BBC Food,Easy slow cooker beef stew,https://www.bbc.co.uk/food/recipes/slow_cooker_beef_stew_24305,Schema.org JSON-LD,15,3,1.0,0,"[""celery"", ""gluten"", ""sulphites""]","[""celery"", ""gluten""]"
19,1,beef stew,main,bbc,BBC Food,Beef stew and dumplings,https://www.bbc.co.uk/food/recipes/beefstewwithdumpling_87333,Schema.org JSON-LD,24,9,1.0,0,"[""celery"", ""fish"", ""gluten"", ""milk"", ""sulphites""]","[""celery"", ""fish"", ""gluten"", ""milk"", ""sulphites""]"
20,1,beef stew,main,bbcgoodfood,BBC Good Food,Slow-cooker beef stew,https://www.bbcgoodfood.com/recipes/slow-cooker-beef-stew,Schema.org JSON-LD,13,3,1.0,0,"[""celery"", ""fish"", ""milk"", ""sulphites""]","[""celery"", ""fish""]"
20,1,beef stew,main,bbcgoodfood,BBC Good Food,Beef stew,https://www.bbcgoodfood.com/recipes/beef-vegetable-casserole,Schema.org JSON-LD,12,6,1.0,0,"[""celery"", ""fish"", ""gluten"", ""milk""]","[""celery"", ""fish"", ""gluten"", ""milk""]"
21,1,beef stew,main,foodafactoflife,Food - a Fact of Life,Swiss roll,https://www.foodafactoflife.org.uk/recipes/cook-club/swiss-roll/,Sectioned HTML parsing,5,13,1.0,0,"[""eggs"", ""gluten"", ""sulphites""]","[""eggs"", ""gluten""]"
21,1,beef stew,main,foodafactoflife,Food - a Fact of Life,Pasta fiorentina,https://www.foodafactoflife.org.uk/recipes/cook-club/pasta-fiorentina/,Sectioned HTML parsing,11,14,1.0,0,"[""gluten"", ""milk""]","[""gluten"", ""milk""]"
22,1,beef stew,main,ocado,Ocado,Harissa Beef Sheetpan Kebab,https://www.ocado.com/recipes/harissa-beef-sheetpan-kebab/4gCu6mEBtEjfGGv99ikVky,Schema.org JSON-LD,9,5,1.0,0,"[""gluten"", ""sesame""]","[""sesame""]"
22,1,beef stew,main,ocado,Ocado,Korean Beef Rolls ,https://www.ocado.com/recipes/korean-beef-rolls/5bNE4yxrhQlqsTl7K13HSO,Schema.org JSON-LD,9,3,1.0,0,"[""milk""]","[""milk""]"
23,1,beef stew,main,realfooddietitians,The Real Food Dietitians,Instant Pot Beef Barbacoa,https://therealfooddietitians.com/instant-pot-beef-barbacoa/,Schema.org JSON-LD,12,7,1.0,0,[],[]
23,1,beef stew,main,realfooddietitians,The Real Food Dietitians,Instant Pot Shredded Beef,https://therealfooddietitians.com/instant-pot-shredded-beef-two-ways/,Schema.org JSON-LD,19,5,1.0,0,"[""eggs"", ""mustard""]","[""eggs"", ""mustard""]"
24,1,beef stew,main,tomkerridge,Tom Kerridge,PORK STEW WITH A SMOKED CHEESE CRUST,https://tomkerridge.com/recipes/pork-stew-with-a-smoked-cheese-crust/,Tom Kerridge HTML parsing,15,6,1.0,0,"[""milk"", ""mustard"", ""sulphites""]","[""milk"", ""mustard"", ""sulphites""]"
24,1,beef stew,main,tomkerridge,Tom Kerridge,"SALT BEEF BAGELS, PICKLED VEG AND BLACK PEPPER CREAM CHEESE",https://tomkerridge.com/recipes/salt-beef-bagels-with-pickled-vegetables-and-black-pepper-cream-cheese/,Tom Kerridge HTML parsing,34,8,1.0,0,"[""celery"", ""milk"", ""sulphites""]","[""celery"", ""milk""]"
25,1,mushroom soup,main,bbc,BBC Food,Mushroom soup with garlic bread,https://www.bbc.co.uk/food/recipes/wild_mushroom_soup_with_65367,Schema.org JSON-LD,15,9,1.0,0,"[""milk"", ""molluscs""]","[""milk"", ""molluscs""]"
25,1,mushroom soup,main,bbc,BBC Food,Creamy mushroom soup,https://www.bbc.co.uk/food/recipes/mushroomsoup_83366,Schema.org JSON-LD,10,5,1.0,0,"[""milk"", ""sulphites""]","[""milk"", ""sulphites""]"
26,1,mushroom soup,main,bbcgoodfood,BBC Good Food,Mushroom soup,https://www.bbcgoodfood.com/recipes/mushroom-soup,Schema.org JSON-LD,9,3,1.0,0,"[""gluten"", ""milk"", ""nuts""]","[""gluten"", ""milk"", ""nuts""]"
26,1,mushroom soup,main,bbcgoodfood,BBC Good Food,Soup maker mushroom soup,https://www.bbcgoodfood.com/recipes/soup-maker-easy-mushroom-soup,Schema.org JSON-LD,6,2,1.0,0,"[""milk"", ""nuts""]","[""milk"", ""nuts""]"
27,1,mushroom soup,main,foodafactoflife,Food - a Fact of Life,Spicy chickpea and mushroom burgers,https://www.foodafactoflife.org.uk/recipes/ks3-sow-2020/spicy-chickpea-and-mushroom-burgers/,Sectioned HTML parsing,6,9,1.0,0,"[""gluten""]","[""gluten""]"
28,1,mushroom soup,main,ocado,Ocado,Mama’s Salmon Pepper Soup ,https://www.ocado.com/recipes/mamas-salmon-pepper-soup/3nclyQb9tuHjU4TMFIupuP,Schema.org JSON-LD,16,4,1.0,0,"[""fish""]","[""fish""]"
28,1,mushroom soup,main,ocado,Ocado,"Leek, Mushroom and Herb Oat Crust Quiche",https://www.ocado.com/recipes/leek-mushroom-and-herb-oat-crust-quiche/2a7tO0iQ62IxafKxPStWlY,Schema.org JSON-LD,17,8,1.0,0,"[""celery"", ""eggs"", ""gluten"", ""milk"", ""nuts""]","[""celery"", ""eggs"", ""gluten"", ""milk"", ""nuts""]"
29,1,mushroom soup,main,realfooddietitians,The Real Food Dietitians,Cauliflower Soup,https://therealfooddietitians.com/cauliflower-soup/,Schema.org JSON-LD,14,14,1.0,0,"[""gluten"", ""milk""]","[""milk""]"
29,1,mushroom soup,main,realfooddietitians,The Real Food Dietitians,Instant Pot Turkey Mushroom Bolognese,https://therealfooddietitians.com/instant-pot-turkey-mushroom-bolognese/,Schema.org JSON-LD,16,6,1.0,0,"[""celery"", ""milk""]","[""celery"", ""milk""]"
30,1,mushroom soup,main,tomkerridge,Tom Kerridge,CHICKEN NOODLE SOUP,https://tomkerridge.com/recipes/chicken-noodle-soup/,Tom Kerridge HTML parsing,17,5,1.0,0,"[""eggs"", ""gluten"", ""molluscs"", ""sesame"", ""soya"", ""sulphites""]","[""eggs"", ""gluten"", ""molluscs"", ""sesame"", ""soya"", ""sulphites""]"
30,1,mushroom soup,main,tomkerridge,Tom Kerridge,CHICKEN AND SWEETCORN SOUP,https://tomkerridge.com/recipes/chicken-and-sweetcorn-soup/,Tom Kerridge HTML parsing,14,5,1.0,0,"[""eggs"", ""gluten"", ""soya""]","[""eggs"", ""gluten"", ""soya""]"
31,1,salmon,main,bbc,BBC Food,How to cook salmon,https://www.bbc.co.uk/food/recipes/how_to_cook_salmon_70504,Schema.org JSON-LD,11,8,1.0,0,"[""fish""]","[""fish""]"
31,1,salmon,main,bbc,BBC Food,Salmon in pastry,https://www.bbc.co.uk/food/recipes/salmon_in_pastry_84486,Schema.org JSON-LD,24,11,1.0,0,"[""eggs"", ""fish"", ""gluten"", ""milk"", ""sulphites""]","[""eggs"", ""fish"", ""gluten"", ""milk"", ""sulphites""]"
32,1,salmon,main,bbcgoodfood,BBC Good Food,"Creamy salmon, leek & potato traybake",https://www.bbcgoodfood.com/recipes/creamy-salmon-leek-potato-traybake,Schema.org JSON-LD,9,3,1.0,0,"[""fish"", ""milk""]","[""fish"", ""milk""]"
32,1,salmon,main,bbcgoodfood,BBC Good Food,Teriyaki salmon,https://www.bbcgoodfood.com/recipes/teriyaki-salmon-sesame-pak-choi,Schema.org JSON-LD,14,6,1.0,0,"[""fish"", ""gluten"", ""sesame"", ""soya""]","[""fish"", ""gluten"", ""sesame"", ""soya""]"
33,1,salmon,main,foodafactoflife,Food - a Fact of Life,Swiss roll,https://www.foodafactoflife.org.uk/recipes/cook-club/swiss-roll/,Sectioned HTML parsing,5,13,1.0,0,"[""eggs"", ""gluten"", ""sulphites""]","[""eggs"", ""gluten""]"
33,1,salmon,main,foodafactoflife,Food - a Fact of Life,Pasta fiorentina,https://www.foodafactoflife.org.uk/recipes/cook-club/pasta-fiorentina/,Sectioned HTML parsing,11,14,1.0,0,"[""gluten"", ""milk""]","[""gluten"", ""milk""]"
34,1,salmon,main,ocado,Ocado,Mama’s Salmon Pepper Soup ,https://www.ocado.com/recipes/mamas-salmon-pepper-soup/3nclyQb9tuHjU4TMFIupuP,Schema.org JSON-LD,16,4,1.0,0,"[""fish""]","[""fish""]"
34,1,salmon,main,ocado,Ocado,Hot Maple Butter Salmon with Baby Leaf Greens and Sesame Roasted Potatoes ,https://www.ocado.com/recipes/hot-maple-butter-salmon-with-baby-leaf-greens-and-sesame-roasted-potatoes/5oD7TMcuI93gB5Uk8O1iMH,Schema.org JSON-LD,13,6,1.0,0,"[""fish"", ""gluten"", ""milk"", ""sesame"", ""soya""]","[""fish"", ""gluten"", ""milk"", ""sesame"", ""soya""]"
35,1,salmon,main,realfooddietitians,The Real Food Dietitians,Salmon Caesar Salad Grain Bowl,https://therealfooddietitians.com/salmon-caesar-salad-grain-bowl/,Schema.org JSON-LD,9,6,1.0,0,"[""fish"", ""milk""]","[""fish"", ""milk""]"
35,1,salmon,main,realfooddietitians,The Real Food Dietitians,Grilled Salmon with Elote-Style Veggies,https://therealfooddietitians.com/grilled-salmon-with-elote-style-veggies/,Schema.org JSON-LD,15,8,1.0,0,"[""fish"", ""milk""]","[""fish"", ""milk""]"
36,1,salmon,main,tomkerridge,Tom Kerridge,"SMOKED SALMON, SCRAMBLED EGG AND ASPARAGUS",https://tomkerridge.com/recipes/smoked-salmon-scrambled-egg-with-asparagus/,Tom Kerridge HTML parsing,10,5,1.0,0,"[""eggs"", ""fish"", ""milk""]","[""eggs"", ""fish"", ""milk""]"
36,1,salmon,main,tomkerridge,Tom Kerridge,SALMON BARBECUED IN PINE WITH PINE NUT AND PARMESAN PESTO,https://tomkerridge.com/recipes/salmon-barbecued-in-pine-with-pine-nut-and-parmesan-pesto/,Tom Kerridge HTML parsing,12,6,1.0,0,"[""fish"", ""milk"", ""nuts""]","[""fish"", ""milk"", ""nuts""]"
37,1,lentil dal,main,bbc,BBC Food,Chana dal with crispy tarka,https://www.bbc.co.uk/food/recipes/chana_daal_with_tarka_62765,Schema.org JSON-LD,18,6,1.0,0,"[""milk"", ""mustard"", ""soya""]","[""milk"", ""mustard""]"
37,1,lentil dal,main,bbc,BBC Food,Dosa with potato filling,https://www.bbc.co.uk/food/recipes/dosa_potato_filling_77669,Schema.org JSON-LD,37,11,1.0,0,"[""gluten"", ""mustard"", ""soya""]","[""gluten"", ""mustard""]"
38,1,lentil dal,main,bbcgoodfood,BBC Good Food,Spiced carrot & lentil soup,https://www.bbcgoodfood.com/recipes/spiced-carrot-lentil-soup,Schema.org JSON-LD,8,5,1.0,0,"[""gluten"", ""milk""]","[""gluten"", ""milk""]"
38,1,lentil dal,main,bbcgoodfood,BBC Good Food,Lentil soup,https://www.bbcgoodfood.com/recipes/lentil-soup,Schema.org JSON-LD,5,4,1.0,0,[],[]
39,1,lentil dal,main,foodafactoflife,Food - a Fact of Life,Swiss roll,https://www.foodafactoflife.org.uk/recipes/cook-club/swiss-roll/,Sectioned HTML parsing,5,13,1.0,0,"[""eggs"", ""gluten"", ""sulphites""]","[""eggs"", ""gluten""]"
39,1,lentil dal,main,foodafactoflife,Food - a Fact of Life,Pasta fiorentina,https://www.foodafactoflife.org.uk/recipes/cook-club/pasta-fiorentina/,Sectioned HTML parsing,11,14,1.0,0,"[""gluten"", ""milk""]","[""gluten"", ""milk""]"
40,1,lentil dal,main,ocado,Ocado,Cauliflower & Lentil Dhal,https://www.ocado.com/recipes/cauliflower-and-lentil-dhal/1X57FwnjA4XZiMgVuCiBwm,Schema.org JSON-LD,14,7,1.0,0,"[""mustard"", ""nuts""]","[""mustard"", ""nuts""]"
40,1,lentil dal,main,ocado,Ocado,"Lemon, Cumin and Coriander Lentil Soup",https://www.ocado.com/recipes/lemon-cumin-and-coriander-lentil-soup/7E7ql97jnxGdeGy9RjJpqH,Schema.org JSON-LD,10,3,1.0,0,[],[]
41,1,lentil dal,main,realfooddietitians,The Real Food Dietitians,Vegan Shepherd's Pie with Lentils,https://therealfooddietitians.com/vegan-shepherds-pie-with-lentils/,Schema.org JSON-LD,21,10,1.0,0,[],[]
41,1,lentil dal,main,realfooddietitians,The Real Food Dietitians,Hearty Slow Cooker Vegan Chili (with lentils) ,https://therealfooddietitians.com/hearty-slow-cooker-vegan-chili-with-lentils/,Schema.org JSON-LD,18,4,1.0,0,[],[]
42,1,lentil dal,main,tomkerridge,Tom Kerridge,PORK AND LENTIL SAUSAGE ROLLS,https://tomkerridge.com/recipes/pork-and-lentil-sausage-rolls/,Tom Kerridge HTML parsing,12,9,1.0,0,"[""eggs"", ""gluten"", ""sesame""]","[""eggs"", ""gluten"", ""sesame""]"
43,1,apple pie,dessert,bbc,BBC Food,Perfect apple pie,https://www.bbc.co.uk/food/recipes/perfect_apple_pie_73735,Schema.org JSON-LD,9,11,1.0,0,"[""eggs"", ""gluten"", ""milk""]","[""eggs"", ""gluten"", ""milk""]"
43,1,apple pie,dessert,bbc,BBC Food,Apple and blackberry pie,https://www.bbc.co.uk/food/recipes/apple_and_blackberry_pie_80942,Schema.org JSON-LD,10,13,1.0,0,"[""eggs"", ""gluten"", ""milk""]","[""eggs"", ""gluten"", ""milk""]"
44,1,apple pie,dessert,bbcgoodfood,BBC Good Food,Homemade apple pie,https://www.bbcgoodfood.com/recipes/ultimate-apple-pie,Schema.org JSON-LD,9,4,1.0,0,"[""eggs"", ""gluten"", ""milk""]","[""eggs"", ""gluten"", ""milk""]"
44,1,apple pie,dessert,bbcgoodfood,BBC Good Food,Apple pie bars,https://www.bbcgoodfood.com/recipes/apple-pie-bars,Schema.org JSON-LD,8,4,1.0,0,"[""gluten"", ""milk""]","[""gluten"", ""milk""]"
45,1,apple pie,dessert,foodafactoflife,Food - a Fact of Life,Cottage pie,https://www.foodafactoflife.org.uk/recipes/cook-club/cottage-pie/,Sectioned HTML parsing,13,14,1.0,0,"[""celery"", ""fish"", ""gluten"", ""milk"", ""soya""]","[""celery"", ""fish"", ""gluten"", ""milk"", ""soya""]"
45,1,apple pie,dessert,foodafactoflife,Food - a Fact of Life,Oaty apple and orange squares,https://www.foodafactoflife.org.uk/recipes/breakfast/oaty-apple-and-orange-squares/,Sectioned HTML parsing,6,5,1.0,0,"[""gluten"", ""milk"", ""sulphites""]","[""gluten"", ""milk"", ""sulphites""]"
46,1,apple pie,dessert,ocado,Ocado,Cookie Dough Krispie Treats,https://www.ocado.com/recipes/cookie-dough-krispie-treats/6VRO72r9ShXi3cgTRnbqfJ,Schema.org JSON-LD,5,7,1.0,0,"[""milk""]","[""milk""]"
46,1,apple pie,dessert,ocado,Ocado,Spiced Carrots with Pickled Bramley Apples and Goat’s Cheese   ,https://www.ocado.com/recipes/spiced-carrots-with-pickled-bramley-apples-and-goats-cheese/7lGX5QDJcT1gi8AAZY3QwE,Schema.org JSON-LD,9,4,1.0,0,"[""milk""]","[""milk""]"
47,1,apple pie,dessert,realfooddietitians,The Real Food Dietitians,Frozen Pineapple Margaritas,https://therealfooddietitians.com/frozen-pineapple-margaritas/,Schema.org JSON-LD,7,5,1.0,0,[],[]
47,1,apple pie,dessert,realfooddietitians,The Real Food Dietitians,Bison Burger with Grilled Pineapple and Sriracha Aioli,https://therealfooddietitians.com/bison-burger-pineapple-sriracha-aioli/,Schema.org JSON-LD,11,8,1.0,0,"[""eggs""]","[""eggs""]"
48,1,apple pie,dessert,tomkerridge,Tom Kerridge,SHEPHERD’S PIE WITH CAULIFLOWER TOPPING,https://tomkerridge.com/recipes/shepherds-pie-with-creamy-cauliflower-topping/,Tom Kerridge HTML parsing,18,7,1.0,0,"[""celery"", ""fish"", ""milk""]","[""celery"", ""fish"", ""milk""]"
48,1,apple pie,dessert,tomkerridge,Tom Kerridge,"CHICKEN, HAM AND LEEK PIE",https://tomkerridge.com/recipes/chicken-ham-and-leek-pie/,Tom Kerridge HTML parsing,23,11,1.0,0,"[""eggs"", ""gluten"", ""milk"", ""mustard""]","[""eggs"", ""gluten"", ""milk"", ""mustard""]"
